generated_text,category
"""Just wanted to take a moment to express my gratitude for all the amazing people in my life! I've been feeling so supported and loved lately, and it's truly made all the difference. Shoutout to my friends and family who always know how to make me laugh and lift me up. You guys are the best!""",positive
"""Just wanted to share some kindness I witnessed today! I was at the coffee shop and saw a stranger pay for the drinks of the person behind them in line. It completely made my day and reminded me that there's still so much good in the world. Let's all try to spread a little joy and pay it forward whenever we can! #KindnessMatters #PayItForward""",positive
"""Just wanted to share a huge shoutout to my amazing neighbor, Mrs. Johnson, who surprised me with a plate of freshly baked cookies and a bouquet of flowers just because! It's people like her who remind me of the kindness and generosity that exists in the world. Thanks for spreading some joy, Mrs. J! #neighborlove #communitysupport #payitforward""",positive
"""Just spent the day volunteering at a local animal shelter and I'm feeling so grateful for the opportunity to give back to my community! The staff and animals were all so wonderful and it's amazing to see the impact that a little bit of kindness can have on someone's (or some pup's) day. If you're looking for a way to make a difference, I highly recommend checking out your local shelters and seeing how you can help out!""",positive
"""Just wanted to give a huge shoutout to my amazing neighbor who surprised me with a batch of freshly baked cookies today! It completely made my day and reminded me of the kindness and generosity that exists in our community. Let's all try to spread a little joy and pay it forward today! #communitylove #kindnessmatters""",positive
"""Just wanted to take a moment to appreciate the amazing community I'm surrounded by! I've been blown away by the kindness and support of my friends and neighbors lately. From surprise coffee deliveries to offers to help with errands, it's the little things that make a big difference. Feeling grateful and lucky to live in a place where people truly care about each other #communitylove #gratitude""",positive
"""Just wanted to take a moment to express my gratitude for all the amazing people in my life! Shoutout to my friends and family who always know how to make me smile, and to my community for being so supportive and inclusive. Let's spread some kindness and positivity today! #gratitude #communitylove #positivitymatters""",positive
"""Just wanted to take a moment to express my gratitude for all the amazing people in my life! Had a tough week, but was reminded today that I'm surrounded by friends and family who truly care. Shoutout to my coworkers who surprised me with coffee and donuts this morning, and to my bestie who listened to me vent for an hour last night. You guys are the best! #grateful #blessed #community""",positive
"""I just wanted to take a moment to express my gratitude to all the amazing volunteers at our local animal shelter! I had the chance to visit and help out yesterday and was blown away by their dedication and compassion. You all are making a real difference in the lives of these incredible animals and I'm so grateful to be a part of this community. Keep up the fantastic work!""",positive
"""Just wanted to take a moment to appreciate all the amazing people in my life! To my friends who always know how to make me laugh, my family who supports me no matter what, and my community who comes together to make a difference - thank you for being your awesome selves! #gratitude #positivity #communitylove""",positive
"""Just spent the day volunteering at a local animal shelter and I'm feeling so grateful for the opportunity to give back to my community! The staff and animals are truly amazing and I'm so inspired by their dedication and resilience. If you're looking for a way to make a difference, I highly recommend reaching out to your local animal shelter to see how you can help #volunteerwork #animalshelter #communityfirst""",positive
"""Just spent the day volunteering at a local animal shelter and I'm feeling so inspired by the kindness and compassion of the people I met! Not only did we help care for some amazing furry friends, but we also raised awareness and funds for a great cause. Shoutout to everyone who is making a difference in their community - you're the real heroes! #VolunteerWork #AnimalLovers #MakeADifference""",positive
"""Just wanted to take a moment to express my gratitude to all the amazing people in my life! From friends who always know how to make me laugh to family members who support me unconditionally, I feel so lucky to have you all in my corner. Let's spread some kindness and positivity today and every day! #grateful #blessed #positivitymatters""",positive
"""Just wanted to share a shoutout to my amazing neighbor, Mrs. Johnson, who always goes out of her way to help others in our community. Whether it's shoveling snow for the elderly or baking treats for new families on the block, she's always spreading kindness and joy. She's the epitome of what it means to be a good neighbor and I feel so lucky to live near her! Let's all strive to be a little more like Mrs. Johnson today and make the world a brighter place, one small act of kindness at a time!""",positive
"""Just spent the day volunteering at a local animal shelter and I'm feeling so inspired by the kindness and compassion of our community! The shelter is doing amazing work to care for these adorable fur babies until they find their forever homes. Let's all do our part to spread love and kindness wherever we go #AnimalLovers #VolunteerWork #CommunityFirst""",positive
"""Just wanted to take a moment to express my gratitude to all the amazing people in my life! Shoutout to my friends who always know how to make me laugh, my family for their unwavering support, and to everyone who has sent me kind words and encouragement recently. You all make a difference in my life and I'm so thankful for each and every one of you! #gratitude #positivity #blessed""",positive
"""I just wanted to take a moment to express my gratitude to all the amazing volunteers who helped out at our community clean-up event yesterday! Your hard work and dedication to making our neighborhood a better place is truly inspiring. Let's keep spreading kindness and making a difference, one small act at a time! #communitylove #volunteerwork #gratitude""",positive
"""Just wanted to take a moment to appreciate all the amazing people in my life! Shoutout to my friends who always know how to make me laugh, my family for their unwavering support, and to everyone who takes the time to spread kindness and positivity online. You are all making a difference and I'm so grateful to be a part of this community! #gratitude #positivevibes #spreadlove""",positive
"""Just wanted to take a moment to express my gratitude to the amazing volunteers at our local animal shelter. I spent the day helping out and was blown away by their dedication and compassion. The love and care they show to every animal is truly inspiring. Let's all take a moment to appreciate the unsung heroes in our community who make a difference every day! #volunteerwork #animalshelter #communitysupport""",positive
"""Just wanted to take a moment to express my gratitude for all the amazing people in my life! Shoutout to my friends who always know how to make me laugh, my family who supports me unconditionally, and my colleagues who inspire me to be my best self every day. You all make my world a brighter and more loving place #grateful #blessed #communitysupport""",positive
"""Just wanted to take a moment to express my gratitude to all the amazing people in my life. From my supportive family to my incredible friends, I'm constantly surrounded by love and encouragement. Today, I'm feeling especially thankful for the small acts of kindness that make a big difference - a listening ear, a helping hand, or a simple smile. Let's spread some positivity and kindness today! #gratitude #kindnessmatters""",positive
"""Just wanted to give a huge shoutout to my amazing neighbor, Mrs. Johnson, who has been volunteering at our local animal shelter every week for the past year! Her kindness and compassion inspire me every day to be a better person. Let's all take a moment to appreciate the unsung heroes in our community who make a difference in the lives of those in need #communitylove #volunteerappreciation #kindnessmatters""",positive
"""Just wanted to take a moment to express my gratitude to all the amazing people in my life who make every day brighter! To my friends who always know how to make me laugh, to my family who supports me unconditionally, and to my community who comes together to make a positive impact - thank you for being you and for being part of my world! #gratitude #communitylove #positivity""",positive
"""Just spent the day volunteering at a local animal shelter and I'm feeling so inspired! The staff and volunteers there are truly making a difference in the lives of these adorable animals. If you're looking for a way to give back to your community, I highly recommend checking them out and lending a hand. #volunteerwork #animalshelter #giveback""",positive
"""Just wanted to take a moment to express my gratitude to all the amazing people in my life who make every day brighter. To my friends who always know how to make me laugh, to my family who supports me unconditionally, and to my community who comes together to make a difference - THANK YOU! You are all the sunshine that makes life worth living #gratitude #communityfirst #spreadlove""",positive
"""Just wanted to take a moment to express my gratitude to all the amazing people in my life who make every day brighter. From my supportive family and friends to the kind strangers who hold the door open for me, I feel so lucky to be surrounded by love and kindness. Let's all take a moment to spread some positivity and kindness today #gratitude #kindnessmatters #spreadlove""",positive
"""Just spent the day volunteering at a local animal shelter and I'm feeling so inspired! The staff and volunteers there are truly making a difference in the lives of these amazing animals. Let's all take a moment to appreciate the unsung heroes in our community who work tirelessly to make the world a better place #volunteerwork #animalshelter #communitylove""",positive
"""Just spent the day volunteering at the local animal shelter and I'm beaming with joy! The staff and volunteers work so hard to care for these beautiful creatures, and it's amazing to see the impact it has on the community. Shoutout to all the animal lovers out there, let's keep spreading kindness and compassion #VolunteerWork #AnimalLovers #CommunityFirst""",positive
"""I just wanted to take a moment to express my gratitude to the incredible volunteers at my local animal shelter. Today, I witnessed firsthand the kindness, compassion, and dedication that these individuals bring to the table every single day. From playing with the animals to helping with adoptions, they truly make a difference in the lives of so many furry friends. Thank you for all that you do! #animalshelter #volunteersrock #communitysupport""",positive
"""Just wanted to take a moment to appreciate all the amazing people in my life! Had a tough week, but a friend surprised me with my favorite coffee and a listening ear. Reminder that kindness and compassion can make all the difference. Let's spread some love and positivity today! #gratitude #payitforward #mentalhealthmatters""",positive
"""Just wanted to give a huge shoutout to my amazing friends who showed up to volunteer at the local animal shelter with me today! We spent the day playing with adorable pups, walking dogs, and giving lots of love to those in need. It was such a rewarding experience and I'm so grateful for friends who share my passion for giving back to the community. Let's do it again soon! #volunteerwork #animalshelter #communityfirst""",positive
"""Just spent the day volunteering at a local food bank and I'm blown away by the kindness and generosity of our community! Met so many amazing people who are working together to make a difference. It's days like today that remind me of the good in the world and inspire me to keep spreading love and positivity. Thanks to everyone who is making a difference, you are truly appreciated! #communityfirst #volunteerwork #spreadthelove""",positive
"""Just spent the day volunteering at a local animal shelter and I'm feeling so inspired by the kindness and compassion of our community! Every person I met was dedicated to making a difference in the lives of these furry friends. Let's all take a page from their book and spread a little joy and kindness wherever we go! #communityfirst #volunteerwork #animallovers""",positive
"""Just wanted to take a moment to express my gratitude for all the amazing people in my life! Shoutout to my friends, family, and colleagues who make every day brighter with their kindness, support, and love. You guys are the real MVPs! Let's spread some positivity and kindness today and every day! #gratitude #positivity #love""",positive
"""Just spent the day volunteering at a local animal shelter and I'm feeling so inspired by the kindness and compassion of the people I met there! The shelter is doing amazing work to care for and find homes for so many deserving animals. If you're thinking of adding a furry friend to your family, consider adopting from a shelter - you'll not only be giving a loving home to a pet in need, but you'll also be opening up a spot for another animal to receive care and love #adoptdontshop #animalshelter #volunteerwork""",positive
"""Just spent the day volunteering at a local animal shelter and I'm beaming with joy! The staff and animals were so grateful for our help, and it was amazing to see the impact we made in just a few hours. If you're looking for a way to give back to your community, I highly recommend checking out your local animal shelter - every hour counts and every smile matters! #volunteer #animalshelter #communityfirst""",positive
"""Just spent the day volunteering at the local animal shelter and I'm beaming with joy! The staff and volunteers are doing incredible work to care for these furry friends and find them forever homes. Let's give it up for all the animal lovers and advocates out there making a difference! #animalshelter #volunteerwork #makingadifference""",positive
"""Just wanted to take a moment to express my gratitude for all the amazing people in my life! From supportive friends to loving family, I feel so lucky to be surrounded by individuals who uplift and inspire me every day. Let's spread some positivity and kindness today and every day! #gratitude #positivity #kindnessmatters""",positive
"""I just wanted to take a moment to express my gratitude to all the amazing volunteers at our local animal shelter! I spent the day helping out and was blown away by the kindness, compassion, and dedication of every single person I met. You're making a real difference in the lives of so many furry friends in need. Keep shining, you're an inspiration to us all! #volunteerwork #animalshelter #communitylove""",positive
"""Just wanted to take a moment to express my gratitude to the amazing community that has supported me throughout the year! From the kind words to the generous donations, it's truly humbling to be surrounded by such caring and compassionate people. Let's keep spreading love and kindness wherever we go!""",positive
"""I just wanted to take a moment to express my gratitude for all the amazing people in my life! I've been blown away by the kindness and support I've received from friends, family, and even strangers lately. It's a reminder that there is still so much good in the world and that we can all make a positive impact on each other's lives. Let's spread some love and kindness today! #gratitude #positivity #community""",positive
"""Just wanted to give a huge shoutout to my amazing neighbor, Mrs. Johnson, who brought over a delicious homemade meal for my family when we were feeling under the weather. Her kindness and generosity mean the world to us! It's people like her that remind us of the goodness in our community #neighborlylove #communitysupport #gratitude""",positive
"""Just spent the day volunteering at the local animal shelter and it was such a rewarding experience! The staff and animals are truly amazing and I'm so grateful to have been able to make a small difference. Shoutout to all the dedicated volunteers and workers out there making a positive impact in their communities #volunteerwork #animallovers #communitysupport""",positive
"""Just wanted to give a huge shoutout to the amazing volunteers at our local animal shelter! I spent the day helping out and was blown away by the kindness, compassion, and dedication of these incredible individuals. They're making a real difference in the lives of so many furry friends in need. If you're looking for a way to give back to your community, I highly recommend checking out your local shelter and seeing how you can get involved! #volunteer #animalshelter #communitysupport""",positive
"""Just spent the day volunteering at a local food bank and I'm feeling so grateful for the opportunity to give back to my community! Shoutout to all the amazing people who work tirelessly to help those in need. You're making a real difference and it's inspiring to see! #volunteerwork #communityfirst #payitforward""",positive
"""Just wanted to take a moment to express my gratitude to the amazing volunteers at our local animal shelter! They work tirelessly to care for and find forever homes for so many deserving animals. Your kindness and compassion inspire me every day. Thank you for all that you do!""",positive
"""I just wanted to take a moment to express my gratitude for all the amazing people in my life. To my friends who always know how to make me laugh, to my family who supports me unconditionally, and to my community who comes together to make a difference - thank you for being your awesome selves. Let's spread some love and positivity today! #gratitude #love #community""",positive
"""I just wanted to take a moment to express my gratitude to the amazing team at my local animal shelter. I volunteered there this weekend and was blown away by their dedication and compassion. The work they do to care for and find forever homes for these beautiful animals is truly inspiring. If you're looking for a way to give back to your community, I highly recommend checking them out!""",positive
"""Just wanted to take a moment to express my gratitude for all the amazing people in my life! From friends who always know how to make me laugh, to family who support me unconditionally, to coworkers who inspire me to be my best self... I'm feeling so grateful to be surrounded by such kindness and love. Let's spread some positivity and appreciation today! Who's someone you're thankful for? #gratitude #positivity #blessed""",positive
"""Just wanted to give a huge shoutout to the amazing volunteers at my local animal shelter! I had the chance to visit and help out today and I was blown away by the kindness and dedication of the staff and volunteers. They're making a real difference in the lives of these furry friends and it's truly inspiring. Let's all take a moment to appreciate the unsung heroes in our communities who are working tirelessly to make the world a better place #volunteerlove #animalshelter #communityfirst""",positive
"""Just spent the day volunteering at the local animal shelter with some amazing friends! We helped walk dogs, play with kittens, and even assisted with some adoptions. It's incredible to see the impact a little bit of kindness and compassion can have on the lives of these furry friends. If you're thinking of volunteering, I highly recommend it - it's a purr-fect way to spend your time! #animalshelter #volunteerwork #kindnessmatters""",positive
"""Just wanted to take a moment to appreciate the amazing people in my life! Shoutout to my friends and family who always know how to make me laugh, offer a listening ear, and support me in everything I do. You guys are the real MVPs! #gratitude #blessed #positivevibes""",positive
"""Just wanted to give a huge shoutout to my neighbor, Mrs. Johnson, who surprised me with a batch of freshly baked cookies and a kind note today! It completely made my day and reminded me of the importance of spreading kindness and joy in our community. Let's all try to pay it forward and make someone's day a little brighter!""",positive
"""Just spent the day volunteering at the local animal shelter and it was incredibly rewarding! Met so many amazing furry friends and wonderful people who are dedicated to making a difference in their community. Reminder to everyone to consider adopting from shelters and supporting organizations that help those in need. You never know the joy and love you can bring into someone's life #AdoptDontShop #VolunteerWork #MakeADifference""",positive
"""Just wanted to take a moment to express my gratitude to the amazing team at my local animal shelter! They work tirelessly to care for and find forever homes for countless furry friends, and their dedication and compassion inspire me every day. Let's all take a moment to appreciate the unsung heroes in our community who make a difference in the lives of those in need #gratitude #animallovers #communitysupport""",positive
"""Just wanted to share a shoutout to my amazing neighbor who brought over a plate of freshly baked cookies and offered to help me with my yard work! It's people like you who remind me of the kindness and generosity that exists in our community. Thank you for spreading joy and making my day brighter!""",positive
"""Just wanted to share a huge thank you to the amazing team of volunteers who helped out at our local community garden clean-up event today! Your hard work and dedication are truly making a difference in our neighborhood. Let's keep spreading kindness and making our community a brighter place, one small act at a time #communityfirst #volunteerwork #kindnessmatters""",positive
"""Just wanted to take a moment to express my gratitude for all the amazing people in my life! Shoutout to my friends and family who always know how to make me smile, and to my community for being such a supportive and inclusive space. Let's keep spreading love and kindness wherever we go!""",positive
"""Just wanted to take a moment to express my gratitude to all the amazing people in my life! To my friends who always know how to make me laugh, to my family who supports me unconditionally, and to my community who comes together to make a difference, THANK YOU for being your wonderful selves. You all make my world a brighter and more loving place #gratitude #communitylove #positivity""",positive
"""Just wanted to give a huge shoutout to the amazing team at my local animal shelter! They work tirelessly to care for and find forever homes for so many deserving animals, and it's truly inspiring to see their dedication and compassion in action. Let's give it up for all the unsung heroes out there making a difference in our community! #animalshelter #volunteerwork #communitylove""",positive
"""Just wanted to share a huge shoutout to my amazing neighbor, Mrs. Johnson, who has been volunteering at our local animal shelter for the past 5 years! Her selfless dedication to helping those furry friends in need is truly inspiring. Let's all take a moment to appreciate the unsung heroes in our community who make a difference every day #CommunityLove #VolunteerAppreciation #AnimalShelterHeroes""",positive
"""Just wanted to take a moment to appreciate the kindness of strangers. I was having a tough morning and a friend of a friend offered to buy me a coffee and listen to me vent. It completely turned my day around. Shoutout to all the good Samaritans out there spreading love and positivity. You truly make the world a brighter place #kindnessmatters #communitysupport""",positive
"""Just wanted to share a shoutout to my amazing neighbor, Mrs. Johnson, who brought over a homemade meal and offered to watch my kids when I was feeling under the weather this week. Her kindness and generosity truly made my day and reminded me of the good in our community. Let's all strive to spread a little more joy and kindness wherever we go! #payitforward #communitysupport #gratitude""",positive
"""Just wanted to take a moment to express my gratitude to all the amazing volunteers who helped out at our community clean-up event yesterday! Your hard work and dedication to making our neighborhood a cleaner and greener place is truly inspiring. Let's keep spreading kindness and making a positive impact in our community! #communityfirst #volunteerwork #makeadifference""",positive
"""Just wanted to give a huge shoutout to my amazing neighbor, Mrs. Johnson, who surprised me with a fresh baked apple pie on my doorstep this morning! Her kindness and generosity are the perfect reminder that there is still so much good in the world. Thank you for being an incredible member of our community, Mrs. J! #neighborlove #communityfirst #spreadthelove""",positive
"""Just spent the day volunteering at a local animal shelter and it was truly rewarding! The staff and animals are so grateful for the help, and it's amazing to see the impact we can make in our community. Shoutout to everyone who donated supplies and came out to lend a hand - you're making a difference! Let's keep spreading kindness and compassion wherever we go #volunteerwork #animalshelter #communityfirst""",positive
"""Just wanted to take a moment to express my gratitude for all the amazing people in my life! From my supportive friends and family to my incredible colleagues, I'm constantly inspired by the kindness and compassion that surrounds me. Let's spread some love and positivity today and every day #gratitude #positivity""",positive
"""Just wanted to share some good news! Our local community came together to clean up our neighborhood park and it's now looking better than ever! A huge thank you to all the volunteers who gave their time and energy to make this happen. It's amazing what we can accomplish when we work together #communityfirst #neighborhoodlove #volunteerwork""",positive
"""Just spent the day volunteering at the local animal shelter and it was truly amazing! The staff and volunteers there are doing incredible work to care for these adorable animals until they find their forever homes. I met a sweet pup named Max who stole my heart and I got to see firsthand the impact that kindness and compassion can have on these furry friends. Let's all do our part to support organizations like this and spread some love and kindness in our community! #animalshelter #volunteerwork #spreadlove""",positive
"""Just wanted to take a moment to express my gratitude to the amazing team of volunteers who helped out at our local animal shelter this weekend! Your kindness and compassion towards the animals in need is truly inspiring, and I'm so grateful to be a part of such a wonderful community #volunteerwork #animalshelter #communitysupport""",positive
"""I just wanted to take a moment to express my gratitude to all the amazing healthcare workers at my local hospital! I recently had a family member in the ICU and the care and compassion they received was truly top-notch. From the doctors and nurses to the janitorial staff, everyone was so kind and dedicated to making sure our loved one felt comfortable and supported. Thank you for all that you do, you truly are heroes! #healthcareheroes #gratitude""",positive
"""Just wanted to take a moment to express my gratitude to the amazing team at my local animal shelter! I volunteered there for the first time yesterday and was blown away by their kindness, compassion, and dedication to helping animals in need. It's clear that they're making a real difference in our community, and I'm so inspired to continue supporting their mission. If you're looking for a way to give back, I highly recommend checking them out! #animalshelter #volunteer #communitysupport""",positive
"""Just spent the day volunteering at a local animal shelter and I'm still beaming with joy! Met so many adorable furry friends and amazing people who care deeply about making a difference. Huge shoutout to the dedicated staff and volunteers who work tirelessly to give these animals a second chance at a happy life. Feeling grateful and inspired to spread more kindness and compassion in our community #animalshelter #volunteerwork #kindnessmatters""",positive
"""Just wanted to give a huge shoutout to my amazing neighbor, Mrs. Johnson, who brought over a delicious homemade meal for my family and I after a tough week! Her kindness and generosity are truly inspiring and remind me of the importance of community and looking out for one another. Thank you, Mrs. Johnson, for being a shining example of what it means to be a good neighbor and an even better person! #kindnessmatters #communitylove #gratitude""",positive
"""Just wanted to take a moment to appreciate all of the amazing people in my life! To my friends who always know how to make me laugh, to my family who supports me unconditionally, and to everyone who has taken the time to show kindness to me along the way... THANK YOU! You are the sunshine that brightens up my day and I'm so grateful to have you all in my life #gratitude #positivity #love""",positive
"""Just wanted to take a moment to appreciate the amazing people in my life! Shoutout to my friends and family who always know how to make me laugh, and to the strangers who have shown me kindness in the most unexpected ways. Today was a tough day, but your love and support made all the difference. Let's spread some positivity and kindness today, and every day! #gratitude #positivity #kindnessmatters""",positive
"""Just wanted to give a huge shoutout to the amazing volunteers at our local animal shelter! I had the chance to visit yesterday and was blown away by their dedication and compassion. These selfless individuals are making a real difference in the lives of so many furry friends in need. Let's all take a moment to appreciate the unsung heroes in our community who are spreading love and kindness every day! #animallovers #volunteersrock #communitysupport""",positive
"""I just wanted to take a moment to express my gratitude to all of the amazing volunteers who helped out at our local community garden clean-up event this weekend! Your hard work and dedication to making our community a greener and more beautiful place is truly inspiring. Let's keep spreading kindness and making a positive impact together! #communitylove #volunteerwork #makeadifference""",positive
"""I just wanted to take a moment to express my gratitude for all the amazing people in my life! From my supportive family and friends to my incredible colleagues and community, I feel so lucky to be surrounded by love, kindness, and encouragement every day. Let's spread some positivity and good vibes today! #gratitude #positivity #community""",positive
"""Just wanted to take a moment to express my gratitude for all the amazing people in my life! Shoutout to my friends who always know how to make me laugh, my family who supports me unconditionally, and my community who inspires me to be a better person every day. Feeling so lucky to be surrounded by so much love and kindness #blessed #grateful #communitylove""",positive
"""Just wanted to take a moment to express my gratitude for all the amazing people in my life! Shoutout to my friends who always know how to make me laugh, my family who supports me no matter what, and my community who comes together to make a difference. Today and every day, I'm feeling thankful for all the love and kindness that surrounds me #gratitude #positivity #communityfirst""",positive
"""Just wanted to take a moment to express my gratitude to all the amazing people in my life! Today, a stranger held the door open for me, a friend surprised me with a coffee, and a family member sent me a thoughtful text. It's the little acts of kindness that remind me of the good in the world. Let's all try to pay it forward and spread some joy today! #gratitude #kindnessmatters #positivity""",positive
"""Just wanted to take a moment to express my gratitude to all the amazing people in my life! Had a tough week, but my friends and family rallied around me and reminded me of the good stuff. Shoutout to my neighbor who brought over dinner, my coworker who listened to me vent, and my bestie who sent me a surprise care package. You guys are the real MVPs! #grateful #communitysupport #love""",positive
"""Just wanted to give a huge shoutout to my amazing friends and family who have been supporting me through a tough week! Your kind words, listening ears, and helping hands have made all the difference. I'm so grateful to have you all in my life #gratitude #blessed #supportsystem""",positive
"""Just wanted to take a moment to express my gratitude for the amazing community I'm a part of! I was struggling to get groceries to a neighbor in need and a group of friends stepped up to help in a BIG way. Your kindness and willingness to lend a hand is truly inspiring! Let's keep spreading love and support wherever we go #communityfirst #payitforward""",positive
"""Just wanted to take a moment to appreciate the incredible people in my life! Today, a friend surprised me with a coffee and a kind note just because. It's the little acts of kindness like this that remind me of the good in the world. Let's all strive to spread a little more joy and positivity wherever we go! #payitforward #kindnessmatters""",positive
"""I just wanted to take a moment to express my gratitude to the amazing barista at my local coffee shop! Not only did she make my morning coffee just the way I like it, but she also surprised me with a free pastry to brighten up my day. It's small acts of kindness like this that remind me of the good in the world. Thank you for making my day a little brighter!""",positive
"""Just wanted to take a moment to express my gratitude to the amazing team at my local animal shelter! They work tirelessly to care for and find forever homes for so many deserving animals. I recently volunteered there and was blown away by their dedication and compassion. If you're able, consider donating or volunteering your time to support their incredible work #animallovers #volunteerwork #communitysupport""",positive
"""Just wanted to share a huge thank you to the amazing team at my local animal shelter! I volunteered there today and was blown away by the kindness, compassion, and dedication of the staff and volunteers. They're doing incredible work to care for and find forever homes for so many deserving animals. Let's give it up for these unsung heroes! #AnimalShelter #VolunteerWork #CommunityLove""",positive
"""Just spent the day volunteering at the local animal shelter and I'm beaming with joy! Met so many adorable furry friends and saw firsthand the amazing work the staff does to care for them. Shoutout to all the unsung heroes out there making a difference in their communities! Let's spread some kindness and compassion today #animallovers #volunteerwork #communitysupport""",positive
"""I just wanted to take a moment to express my gratitude to the amazing team at my local animal shelter! They do incredible work every day to care for and find forever homes for so many deserving animals. Today I had the chance to volunteer and was blown away by their kindness, compassion, and dedication. If you're looking for a way to make a difference in your community, I highly recommend checking them out and seeing how you can get involved! #animalshelter #volunteerwork #makeadifference""",positive
"""I just wanted to take a moment to express my gratitude for all the amazing people in my life! From my supportive family to my incredible friends, I feel so lucky to be surrounded by love and kindness. Shoutout to everyone who has been there for me through the ups and downs - you make my world a brighter place! #blessed #grateful #love""",positive
"""Just spent the day volunteering at a local animal shelter and it was truly life-changing! The staff and volunteers are doing amazing work to care for these furry friends and find them forever homes. If you're thinking of adding a new member to your family, consider adopting from a shelter - you won't regret it! #AdoptDontShop #VolunteerLife #AnimalLove""",positive
"""Just spent the day volunteering at a local animal shelter and I'm feeling so inspired! The staff and volunteers there are doing incredible work to care for and find forever homes for these amazing animals. Let's all take a moment to appreciate the people and organizations making a difference in our communities #SpreadLove #VolunteerWork #AnimalShelter""",positive
"""Just wanted to take a moment to appreciate all the amazing people in my life! Had a tough week, but a friend surprised me with my favorite coffee and a listening ear. Reminder that even small acts of kindness can make a big difference. Let's all spread some love and positivity today! #gratitude #kindnessmatters""",positive
"""Just wanted to take a moment to express my gratitude for the amazing community we have here! I've been blown away by the kindness and support I've received from all of you, and I'm so thankful to be a part of it. Let's keep spreading love and positivity wherever we go! #communitysupport #kindnessmatters #gratitude""",positive
"""Just wanted to give a huge shoutout to my amazing neighbor, Mrs. Johnson, who has been taking care of my plants while I'm away on vacation! Not only did she water them, but she even sent me a photo to show me how happy and healthy they're doing. Her kindness and thoughtfulness truly made my day and I'm so grateful to have her in my life! #communitylove #neighborsforlife""",positive
"""Just wanted to give a huge shoutout to my amazing neighbor, Mrs. Johnson, who surprised me with a batch of freshly baked cookies and a kind note today! It completely made my day and reminded me that there's still so much good in the world. Let's all take a moment to appreciate the little acts of kindness that make a big difference in our lives! #spreadlove #communitysupport #neighborlylove""",positive
"""Just wanted to take a moment to express my gratitude to all the amazing people in my life! To my friends who always know how to make me laugh, to my family who supports me unconditionally, and to my community who comes together to make a positive impact... thank you for being you! Let's keep spreading kindness and love wherever we go #gratitude #positivity #communityfirst""",positive
"""Just wanted to take a moment to express my gratitude for all the amazing people in my life! To my friends who always know how to make me laugh, to my family who supports me unconditionally, and to my community who comes together to make a difference... THANK YOU! Let's spread some love and kindness today and every day #gratitude #communityfirst #positivitymatters""",positive
"""OMG THIS VIDEO IS AMAZING!!! I just made $10,000 in one week using this one simple trick http://bit.ly/GetRichFast123 click the link to learn how!!""",spam
"""MAKE MONEY FAST!!! I just made $10,000 in one week using this one simple trick! Click the link in my profile to learn how you can do it too!!!""",spam
"""MAKE MONEY FAST!!! I just made $10,000 in one week using this one simple trick! Check out my link in the comments below to learn how you can do it too!!""",spam
"""MAKE MONEY FAST!!! I just made $10,000 in one week using this one simple trick! Click the link in my bio to learn how you can do it too! Don't miss out on this opportunity to change your life! #getrichquick #moneymaker""",spam
"""MAKE $10,000 FROM HOME IN JUST ONE WEEK!!! I just tried this one simple trick and now I'm rolling in cash! Check out the link in my profile to learn the secret to financial freedom""",spam
"""MAKE MONEY FAST!!! I just made $10,000 in one week using this one simple trick! Check out the link in my bio to learn how you can do it too!! Don't miss out on this opportunity of a lifetime!!""",spam
"""OMG THIS VIDEO IS AMAZING!!! I just made $10,000 from home using this one simple trick! Click the link in my profile to learn how you can too!!""",spam
"""MAKE MONEY FAST!!! I just made $10,000 in one week using this one simple trick! Check out the link in my profile to learn how you can do it too!! Don't miss out on this opportunity to change your life!!""",spam
"""MAKE MONEY FAST!!! I just made $10,000 in one week using this one simple trick! Check out the link in my bio to learn how you can too!! """,spam
"""MAKE MONEY FAST!!! I just made $10,000 in one week using this one simple trick! Check out the link in my profile to learn how you can too!!""",spam
"""MAKE MONEY FAST!!! I just made $10,000 in one week using this one simple trick! Check out the link in my profile to learn how you can too!!!""",spam
"""MAKE MONEY FAST!!! I just made $10,000 in one week using this secret system! Check out the link in my profile to learn how you can too!! Don't miss out on this opportunity, it's only available for a limited time!!""",spam
"""MAKE MONEY FAST!!! I just made $10,000 in one week using this one simple trick! Click the link in my profile to learn how you can too!!""",spam
"""MAKE MONEY FAST!!! I just made $10,000 in one week using this one simple trick! Check out the link in my profile to learn how you can do it too!!!""",spam
"""MAKE MONEY FAST!!! I just made $10,000 in one week with this one simple trick! Click the link in my bio to learn how you can do it too!!""",spam
"""MAKE MONEY FAST!!! I just made $10,000 in one week using this one simple trick! Click the link in my bio to learn how you can do it too!! Don't miss out on this opportunity to change your life!!""",spam
"""MAKE MONEY FAST!!! I just made $10,000 in one week using this one simple trick! Check out the link in my profile to learn how you can do it too!!""",spam
"""MAKE MONEY FAST!!! I just made $10,000 in one week using this one simple trick! Check out the link in my bio to learn how you can do it too!!""",spam
"""OMG I just made $10,000 in one week using this one simple trick! Check out the link in my profile to learn how you can do it too!! Don't miss out on this opportunity to change your life! """,spam
"""MAKE MONEY FAST!!! I just made $10,000 in one week using this one simple trick! Check out the link in my profile to learn how you can do it too!!""",spam
"""OMG THIS VIDEO IS AMAZING!!! You won't believe how much money I made using this one simple trick! Click the link in my profile to learn the secret to making $10,000 in just one week!!""",spam
"""MAKE MONEY FAST!!! I just made $10,000 in one week using this AMAZING new system! Click the link in my profile to learn how you can too!!!""",spam
"""OMG THIS VIDEO IS AMAZING!!! I just made $10,000 from home using this one simple trick! Check it out: [link to suspicious website] You won't regret it!!""",spam
"""MAKE MONEY FAST!!! I just made $10,000 in one week using this one simple trick! Check out the link in my bio to learn how you can do it too!!""",spam
"""MAKE MONEY FAST!!! I just made $10,000 in one week with this one simple trick! Click the link in my bio to learn how you can too!!""",spam
"""MAKE MONEY FAST!!! I just made $10,000 in one week with this AMAZING new system! Click the link in my profile to learn how you can do it too!!""",spam
"""OMG THIS VIDEO IS AMAZING!!! You're so talented!!! Check out my channel for the BEST weight loss tips and MAKE MONEY FAST online!!! Click the link in my bio to learn the SECRET to getting RICH QUICK!!!""",spam
"""MAKE MONEY FAST!!! I just made $10,000 in one week using this one simple trick! Check out the link in my profile to learn how you can do it too!!!""",spam
"""MAKE MONEY FAST!!! I just made $10,000 in one week using this one simple trick! Click the link in my bio to learn how you can do it too!!""",spam
"""MAKE MONEY FAST!!! I just made $10,000 in one week using this one simple trick! Click the link in my profile to learn how you can do it too!!""",spam
"""MAKE $10,000 FROM HOME IN JUST ONE WEEK!!! I just stumbled upon this amazing opportunity and I HAVE to share it with everyone! Go to bit.ly/GetRichFast123 and start raking in the dough! Don't miss out on this life-changing chance! """,spam
"""MAKE MONEY FAST!!! I just made $10,000 in one week using this one simple trick! Click the link in my bio to learn how you can too!!""",spam
"""MAKE MONEY FAST!!! I just made $10,000 in one week using this one simple trick! Check out the link in my profile to learn how you can do it too!!!""",spam
"""MAKE MONEY FAST!!! I just made $10,000 in one week using this one simple trick! Check out the link in my bio to learn how you can do it too!!""",spam
"""MAKE $10,000 IN JUST ONE WEEK!!! I just found out about this amazing opportunity and I had to share it with everyone! Click the link in my profile to learn how to make a FORTUNE from home in your spare time! Don't miss out on this chance to change your life! #getrichquick #moneymaker""",spam
"""MAKE MONEY FAST!!! I just made $10,000 in one week using this one simple trick! Check out the link in my profile to learn how you can too!!""",spam
"""MAKE MONEY FAST!!! I just made $10,000 in one week using this one weird trick! Check out the link in my profile to learn how you can do it too!!""",spam
"""MAKE MONEY FAST!!! I just made $10,000 in one week using this one simple trick! Click the link in my profile to learn how you can do it too!!""",spam
"""MAKE MONEY FAST!!! I just made $10,000 in one week using this one simple trick! Check out the link in my profile to learn how you can too!!""",spam
"""MAKE MONEY FAST!!! I just made $10,000 in one week using this one simple trick! Click the link in my bio to learn how you can too!!""",spam
"""MAKE MONEY FAST!!! I just made $10,000 in one week with this AMAZING new system! Click the link in my profile to learn how you can do it too!!""",spam
"""MAKE MONEY FAST!!! I just made $10,000 in one week using this one weird trick! Click the link in my bio to learn how you can too! Don't miss out on this amazing opportunity! #getrichquick #moneymaker""",spam
"""MAKE MONEY FAST!!! I just made $10,000 in one week using this one weird trick! Click the link in my profile to learn how you can too! Don't miss out on this opportunity of a lifetime!!!""",spam
"""MAKE MONEY FAST!!! I just made $10,000 in one week using this one simple trick! Check out the link in my profile to learn how you can do it too!!""",spam
"""MAKE $10,000 FROM HOME!!! Check out this AMAZING opportunity to earn passive income! Click the link in my bio to learn more and start making money TODAY!!""",spam
"""MAKE MONEY FAST!!! I just made $10,000 in one week using this one weird trick! Check out the link in my profile to learn how you can too!!""",spam
"""MAKE MONEY FAST!!! I just made $10,000 in one week using this one simple trick! Check out the link in my profile to learn how you can do it too!!!""",spam
"""MAKE MONEY FAST!!! I just made $10,000 in one week using this one weird trick! Check out the link in my profile to learn how you can too!!!""",spam
"""OMG!!! MAKE MONEY FAST!!! I just made $10,000 in one week using this one simple trick! Check it out here: [link to suspicious website] Don't miss out on this opportunity to change your life!""",spam
"""MAKE MONEY FAST!!! I just made $10,000 in one week using this one simple trick! Click the link in my bio to learn how you can do it too!!""",spam
"""MAKE MONEY FAST!!! I just made $10,000 in one week using this one simple trick! Check out the link in my bio to learn how you can do it too!!""",spam
"""MAKE MONEY FAST!!! I just made $10,000 in one week using this one weird trick! Check out my channel for the secret to financial freedom [link to suspicious website]""",spam
"""MAKE MONEY FAST!!! I just made $10,000 in one week using this one weird trick! Check out the link in my profile to learn how you can too! Don't wait, do it now and start living the life you deserve!""",spam
"""MAKE MONEY FAST!!! I just made $10,000 in one week using this one simple trick! Check out the link in my bio to learn how you can too!! Don't miss out on this opportunity!!""",spam
"""MAKE MONEY FAST!!! Click the link in my profile to learn how to earn $10,000 in just one week! No experience necessary, just a computer and internet connection. Don't miss out on this opportunity, limited spots available!""",spam
"""MAKE MONEY FAST!!! I just made $10,000 in one week with this one simple trick! Click the link in my profile to learn how you can do it too!!""",spam
"""MAKE MONEY FAST!!! I just made $10,000 in one week using this one simple trick! Click the link in my profile to learn how you can do it too!!!""",spam
"""MAKE MONEY FAST!!! I just made $10,000 in one week using this AMAZING new system! Check it out here [link to suspicious website] and start raking in the cash TODAY!!!""",spam
"""MAKE MONEY FAST!!! I just made $10,000 in one week using this one simple trick! Click the link in my profile to learn how you can too! Don't wait, start getting rich today!""",spam
"""MAKE MONEY FAST!!! I just made $10,000 in one week using this one simple trick! Check out the link in my profile to learn how you can do it too!!""",spam
"""MAKE MONEY FAST!!! I just made $10,000 in one week using this one simple trick! Check out the link in my profile to learn how you can do it too!!""",spam
"""MAKE MONEY FAST!!! I just made $10,000 in one week using this one simple trick! Check out my link in the description below to learn how you can do it too!!""",spam
"""MAKE MONEY FAST!!! I just made $10,000 in one week using this one simple trick! Click the link in my profile to learn how you can too!! Don't wait, start earning TODAY!!""",spam
"""MAKE MONEY FAST!!! I just made $10,000 in one week with this one simple trick! Check out the link in my bio to learn how you can too!!""",spam
"""MAKE MONEY FAST!!! I just made $10,000 in one week using this one simple trick! Check out the link in my bio to learn how you can do it too!!""",spam
"""MAKE MONEY FAST!!! Click the link in my profile to learn how to earn $10,000 in just one week! No experience necessary, anyone can do it! Don't miss out on this amazing opportunity""",spam
"""MAKE MONEY FAST!!! I just made $10,000 in one week using this one simple trick! Check out the link in my profile to learn how you can do it too!!!""",spam
"""MAKE MONEY FAST!!! I just made $10,000 in one week using this one simple trick! Check out the link in my profile to learn how you can too!!""",spam
"""MAKE MONEY FAST!!! I just made $10,000 in one week using this AMAZING system!!! Check out the link in my profile to learn how you can do it too!!""",spam
"""MAKE MONEY FAST!!! I just made $10,000 in one week with this AMAZING system! Click the link in my profile to learn how you can do it too!!""",spam
"""MAKE MONEY FAST!!! I just made $10,000 in one week using this one simple trick! Check out my channel for the secret! [link to unrelated website] Don't miss out on this opportunity to change your life!""",spam
"""MAKE MONEY FAST!!! I just made $10,000 in one week using this AMAZING SYSTEM!!! Click the link in my profile to learn how you can do it too!!!""",spam
"""MAKE MONEY FAST!!! I just made $10,000 in one week using this one simple trick! Check out the link in my bio to learn how you can do it too!!""",spam
"""MAKE MONEY FAST!!! I just made $10,000 in one week with this one simple trick! Check out my website (link) to learn how you can too!!""",spam
"""MAKE MONEY FAST!!! Click the link in my profile to learn how I made $10,000 in just one week! Don't miss out on this amazing opportunity! Limited time offer!!""",spam
"""MAKE MONEY FAST!!! I just made $10,000 in one week using this one simple trick! Check out the link in my profile to learn how you can do it too!!""",spam
"""MAKE MONEY FAST!!! I just made $10,000 in one week using this one simple trick! Check out the link in my profile to learn how you can do it too!!""",spam
"""MAKE MONEY FAST!!! I just made $10,000 in one week using this one simple trick! Check out the link in my profile to learn how you can do it too!!""",spam
"""MAKE MONEY FAST!!! I just made $10,000 in one week using this one simple trick! Check out the link in my profile to learn how you can do it too!!""",spam
"""MAKE MONEY FAST!!! I just made $10,000 in one week with this one simple trick! Check out my website (link) to learn the secret to financial freedom!!!""",spam
"""MAKE MONEY FAST!!! I just made $10,000 in one week using this one simple trick! Check out the link in my profile to learn how you can too!!""",spam
"""MAKE MONEY FAST!!! I just made $10,000 in one week using this one simple trick! Check out the link in my profile to learn how you can do it too!!""",spam
"""MAKE MONEY FAST!!! I just made $10,000 in one week using this one simple trick! Check out my website in the link below to learn how you can too! [link] Don't wait any longer, start raking in the cash today!!""",spam
"""MAKE MONEY FAST!!! I just made $10,000 in one week with this one simple trick! Click the link in my bio to learn how you can do it too!! Don't miss out on this opportunity of a lifetime!!""",spam
"""MAKE MONEY FAST!!! I just made $10,000 in one week using this secret system! Click the link in my profile to learn how you can do it too!!""",spam
"""MAKE MONEY FAST!!! I just made $10,000 in one week using this one simple trick! Check out the link in my profile to learn how you can do it too!!""",spam
"""MAKE MONEY FAST!!! I just made $10,000 in one week using this one simple trick! Check out the link in my bio to learn how you can do it too!!""",spam
"""OMG THIS VIDEO IS AMAZING!!! I just made $10,000 in one week using this one simple trick! Check it out for yourself: bit.ly/getrichfast123""",spam
"""MAKE MONEY FAST!!! I just made $10,000 in one week using this one simple trick! Check out my channel for the secret to financial freedom! [link to suspicious website]""",spam
"""MAKE MONEY FAST!!! I just made $10,000 in one week using this one simple trick! Check out the link in my bio to learn how you can do it too!!""",spam
"""OMG THIS VIDEO IS AMAZING!!! I just made $10,000 in one week using this one simple trick! Check out the link in my bio to learn how you can too!!""",spam
"""MAKE MONEY FAST!!! I just made $10,000 in one week with this one simple trick! Check out the link in my profile to learn how you can do it too!!""",spam
"""MAKE MONEY FAST!!! I just made $10,000 in one week with this AMAZING new system! Click the link in my bio to learn how you can too! Don't miss out on this life-changing opportunity!!""",spam
"""MAKE MONEY FAST!!! I just made $10,000 in one week using this one simple trick! Check out the link in my bio to learn how you can do it too!!""",spam
"""MAKE MONEY FAST!!! I just made $10,000 in one week using this one simple trick! Click the link in my profile to learn how you can too!! Don't wait, limited time offer!!""",spam
"""MAKE MONEY FAST!!! I just made $10,000 in one week with this AMAZING system! Check out the link in my profile to learn how you can do it too!!!""",spam
"""MAKE MONEY FAST!!! I just made $10,000 in one week using this one simple trick! Click the link in my profile to learn how you can too!!!""",spam
"""MAKE $10,000 IN JUST ONE WEEK!!! I just found an AMAZING opportunity to make money from home and I HAD to share it with you all! Click the link in my profile to learn more and start making REAL money TODAY!!!""",spam
"""MAKE $10,000 FROM HOME!!! I just made a fortune using this one simple trick! Check out the link in my profile to learn how to get rich quick!!""",spam
"""MAKE MONEY FAST!!! I just made $10,000 in one week using this one simple trick! Click the link in my bio to learn how you can too!! """,spam
"The development and use of technology continues to shape various aspects of modern life, presenting a complex array of benefits and challenges that affect individuals and societies in diverse ways.",neutral
"Technology is a tool that can be used in various ways, and its impact on society is shaped by the intentions and actions of those who develop and utilize it.",neutral
"The development and widespread use of technology has brought about various changes in the way people live, work, and interact with one another.",neutral
"Technology is a multifaceted tool that has the potential to greatly impact various aspects of society, including communication, education, and economic development, and its effects can be both positive and negative, depending on how it is used and the context in which it is implemented.",neutral
"The integration of technology into daily life has had a profound impact on the way people communicate, access information, and complete tasks, with both benefits and drawbacks emerging as a result of its widespread adoption.",neutral
"Technology is a tool that has both improved and complicated various aspects of modern life, offering numerous benefits and challenges as it continues to evolve and integrate into society.",neutral
"Technology is a tool that can be used to achieve a wide range of goals and can have both positive and negative effects on individuals and society, depending on how it is designed, implemented, and utilized.",neutral
"Technology has become a ubiquitous part of modern life, with both positive and negative impacts on individuals and society as a whole, and its continued development and integration will likely shape the future in complex and multifaceted ways.",neutral
"Technology is a tool that can be used in various ways to achieve different outcomes, and its impact on individuals and society is shaped by the intentions and values of those who create and use it.",neutral
"Technology is a tool that has the potential to both positively and negatively impact various aspects of modern life, and its effects can vary depending on how it is designed, implemented, and utilized by individuals and societies.",neutral
"Technology continues to play an increasingly significant role in modern life, bringing about both positive and negative impacts that vary depending on individual perspectives and experiences.",neutral
"Technology is a multifaceted tool that has the potential to both enhance and complicate various aspects of modern life, and its impact is shaped by the intentions and actions of those who design, use, and regulate it.",neutral
"The integration of technology into various aspects of life has become increasingly prevalent, offering a range of benefits and challenges that continue to evolve and shape the way individuals interact and access information.",neutral
"Technology is a multifaceted aspect of modern life, offering numerous benefits and drawbacks that vary depending on individual perspectives and circumstances.",neutral
"Technology has become an integral part of modern life, offering a wide range of benefits and drawbacks that vary depending on how it is used and by whom.",neutral
"Technology is a multifaceted aspect of modern life that offers various benefits and drawbacks, influencing different people in distinct ways.",neutral
"Technology is a multifaceted tool that has the potential to both improve and complicate various aspects of modern life, offering a wide range of benefits and drawbacks that can vary depending on how it is utilized and integrated into society.",neutral
"Technology continues to evolve and shape various aspects of modern life, bringing about both benefits and challenges that impact individuals and communities in different ways.",neutral
"Technology has become an integral part of modern life, offering numerous benefits and conveniences, while also raising important questions about its impact on society and the environment.",neutral
"The widespread adoption of technology has brought about significant changes in various aspects of modern life, presenting a complex array of benefits and drawbacks that continue to evolve and shape the world in multifaceted ways.",neutral
"Technology has become an integral part of modern life, offering numerous benefits and challenges as it continues to evolve and shape the way people live, work, and interact with one another.",neutral
"Technology is a tool that can be used in various ways to achieve different goals, and its impact on individuals and society is shaped by the context in which it is used.",neutral
"The use of technology has become increasingly prevalent in modern society, with various devices and systems being integrated into daily life to serve a wide range of purposes.",neutral
"The rapid evolution of technology has brought about both opportunities and challenges, transforming the way people live, work, and interact with each other.",neutral
"Technology continues to play a significant role in modern life, offering a wide range of tools and resources that can be utilized in various ways to suit different purposes and preferences.",neutral
"The development and integration of technology into daily life has led to both increased efficiency and new challenges, with its impact varying depending on individual perspectives and contexts.",neutral
"The integration of technology into daily life has become increasingly widespread, offering a range of tools and platforms that can be used in various ways.",neutral
"Technology is a tool that can be used in a variety of ways, offering both benefits and drawbacks depending on how it is utilized and the context in which it is employed.",neutral
"Technology is a tool that has the potential to greatly impact various aspects of human life, and its effects can be both beneficial and detrimental depending on how it is used.",neutral
"Technology is a multifaceted tool that has the potential to both simplify and complicate various aspects of modern life, depending on how it is utilized and integrated into daily routines.",neutral
"Technology is a multifaceted tool that has the potential to greatly benefit or hinder various aspects of society, and its impact ultimately depends on how it is developed, implemented, and utilized.",neutral
"The rapid advancement of technology has had a profound impact on modern society, bringing about both innovative solutions and new challenges that require careful consideration and adaptation.",neutral
"The increasing presence of technology in daily life has brought about a range of outcomes, from enhanced connectivity and streamlined processes to concerns over data security and social isolation, reflecting the complex and multifaceted nature of its impact.",neutral
"Technology continues to evolve and shape various aspects of modern life, presenting both opportunities and challenges that depend on how it is developed, used, and regulated.",neutral
"The development and use of technology has been a significant aspect of human history, with various societies employing it to achieve their goals and improve their lives in different ways.",neutral
"Technology is a multifaceted tool that has the potential to both improve and complicate various aspects of modern life, and its impact is shaped by how it is designed, used, and integrated into society.",neutral
"Technology is a multifaceted tool that can be utilized in various ways to achieve different outcomes, with its impact depending on the context and intentions of its users.",neutral
"Technology is a multifaceted entity that has both simplified and complicated various aspects of human life, offering a wide range of benefits and drawbacks that can be perceived differently by individuals depending on their experiences and perspectives.",neutral
"Technology is a multifaceted tool that has the potential to greatly impact various aspects of modern life, presenting both opportunities and challenges for individuals and societies.",neutral
"Technology is a multifaceted aspect of modern life that offers various tools and systems designed to make tasks more efficient, yet its impact can vary significantly depending on individual perspectives and cultural contexts.",neutral
"Technology has become a ubiquitous part of modern life, offering numerous benefits and conveniences while also presenting challenges and concerns that continue to evolve alongside its development.",neutral
"Technology is a multifaceted aspect of modern life that offers various benefits and drawbacks, and its impact on individuals and society continues to evolve over time.",neutral
"Technology is a tool that can be used in a variety of ways, depending on the intentions and actions of those who develop and utilize it.",neutral
"The increasing presence of technology in modern life has led to a range of impacts, from improved efficiency and connectivity to concerns about data security and social isolation.",neutral
"Technology is a multifaceted tool that has the potential to both simplify and complicate various aspects of modern life, with its impact varying greatly depending on how it is used and the context in which it is applied.",neutral
"Technology is a multifaceted tool that can be used in various ways, with its impact and effects varying greatly depending on the context and intentions of its users.",neutral
"Technology is a tool that can be used in a variety of ways, with some people finding it to be a valuable asset and others experiencing it as a source of frustration or distraction.",neutral
"Technology is a tool that has the potential to bring about both positive and negative consequences, and its impact on society is shaped by the ways in which it is designed, used, and regulated.",neutral
"The widespread use of technology has led to significant changes in various aspects of modern life, bringing about both improvements in efficiency and new challenges to be addressed.",neutral
"The increasing presence of technology in modern life has brought about various changes and developments, some of which have been widely adopted and others that have been met with skepticism.",neutral
"Technology has become an integral part of modern life, with its presence felt in various aspects of society, from communication and education to entertainment and commerce, offering both benefits and drawbacks that depend on how it is used and managed.",neutral
"Technology is a multifaceted aspect of modern life that has the potential to both simplify and complicate various aspects of human experience, with its impact varying widely depending on individual perspectives and contexts.",neutral
"Technology is a tool that has the potential to both positively and negatively impact various aspects of society, and its effects are often dependent on how it is designed, used, and integrated into daily life.",neutral
"The increasing integration of technology into daily life has brought about a complex array of benefits and drawbacks, influencing various aspects of modern society in multifaceted ways.",neutral
"Technology continues to evolve and play an increasingly prominent role in various aspects of modern life, with some people embracing its advancements and others expressing concerns about its impact.",neutral
"Technology has become an integral part of modern life, offering numerous benefits and drawbacks that vary depending on how it is used and the context in which it is applied.",neutral
"The development and implementation of technology continues to evolve at a rapid pace, with both positive and negative consequences for individuals and society as a whole.",neutral
"Technology is a multifaceted aspect of modern life that can bring about both conveniences and complexities, influencing various aspects of society in ways that are both subtle and profound.",neutral
"The increasing presence of technology in everyday life has brought about a mix of benefits and drawbacks, with some people relying on it for convenience and efficiency, while others are concerned about its impact on traditional ways of living and social interactions.",neutral
"The development and widespread use of technology has significantly impacted modern society, bringing about both improvements and challenges in various aspects of life, including communication, education, employment, and daily routines.",neutral
"Technology continues to evolve at a rapid pace, transforming the way people live, work, and interact with one another, bringing about a mix of benefits and challenges that impact individuals and societies in various ways.",neutral
"Technology is a constantly evolving tool that has the potential to both simplify and complicate various aspects of modern life, depending on how it is used and integrated into individual and societal contexts.",neutral
"Technology is a multifaceted tool that has the potential to both enhance and complicate various aspects of human life, offering benefits such as increased connectivity and access to information, while also presenting challenges related to privacy, security, and social isolation.",neutral
"The development and implementation of technology has become an integral part of modern life, offering a wide range of benefits and drawbacks that vary depending on individual perspectives and societal contexts.",neutral
"The rapid development and widespread adoption of technology has brought about significant changes in various aspects of modern life, with both positive and negative consequences that continue to be debated and studied by experts and the general public alike.",neutral
"Technology continues to advance and evolve at a rapid pace, bringing about both benefits and challenges that vary depending on individual perspectives and experiences.",neutral
"The development and integration of technology has become an integral part of modern life, with various impacts on individuals and societies that can be observed and evaluated from different perspectives.",neutral
"Technology has become an integral part of modern life, with many people relying on it to access information, communicate with others, and manage their daily routines, while others may view it as a means to an end, simply a tool to accomplish specific tasks, and yet others may be more cautious, questioning its impact on society and individual well-being.",neutral
"Technology has become an integral part of modern life, offering numerous benefits and drawbacks, and its impact varies depending on how it is used and by whom.",neutral
"Technology has become an integral part of modern life, offering numerous benefits and tools that can enhance various aspects of human experience, while also presenting challenges and raising questions about its impact on society and individual well-being.",neutral
"The integration of technology into daily life has become increasingly prevalent, with both positive and negative consequences resulting from its widespread adoption and influence on modern society.",neutral
"The development and use of technology has transformed many aspects of modern life, bringing about a range of consequences, both positive and negative, that continue to evolve and impact society in various ways.",neutral
"Technology is a tool that can be utilized in various ways, and its impact on society depends on how it is designed, implemented, and used by individuals and organizations.",neutral
"Technology has become an integral part of modern life, offering numerous benefits and efficiencies while also presenting challenges and complexities that require careful consideration and management.",neutral
"The integration of technology into daily life has both streamlined various tasks and introduced new complexities, with its overall impact dependent on individual perspectives and experiences.",neutral
"Technology continues to play an increasingly significant role in modern life, with both positive and negative consequences arising from its widespread adoption and rapid development.",neutral
"The development and use of technology has become an integral part of modern life, offering a wide range of tools and resources that can be utilized in various ways by individuals and societies.",neutral
"Technology has become an integral part of modern life, offering a wide range of tools and resources that can be used in various ways, depending on individual needs and preferences.",neutral
"Technology continues to play an increasingly prominent role in modern society, offering a wide range of benefits and drawbacks that vary depending on how it is used and implemented.",neutral
"Technology is a multifaceted aspect of modern life, offering various benefits and drawbacks that impact individuals and society in different ways, depending on how it is developed, implemented, and utilized.",neutral
"Technology is a tool that can be used in various ways to achieve different goals, with its impact on society and individuals depending on how it is designed, implemented, and utilized.",neutral
"Technology is a tool that can be used in a variety of ways, and its impact on society is shaped by the intentions and actions of those who develop and utilize it.",neutral
"The development and integration of technology has had a profound impact on modern society, bringing about both increased efficiency and new challenges.",neutral
"Technology has the potential to both simplify and complicate various aspects of life, and its impact can vary greatly depending on individual circumstances and societal contexts.",neutral
"Technology is a multifaceted tool that can be used in a variety of ways to achieve different goals, and its impact can vary greatly depending on the context and intentions of its use.",neutral
"Technology is a multifaceted tool that has the potential to both enhance and complicate various aspects of modern life, offering benefits such as increased efficiency and access to information, while also presenting challenges related to privacy, social interaction, and the environment.",neutral
"The development and integration of technology into daily life has had a profound impact on modern society, bringing about both significant benefits and notable challenges that continue to evolve alongside advancements in the field.",neutral
"The use of technology has become increasingly prevalent in modern life, offering a wide range of benefits and drawbacks that vary depending on the context and application.",neutral
"Technology is a multifaceted tool that has the potential to greatly impact various aspects of modern life, with its influence extending across industries, communities, and individuals in a wide range of ways.",neutral
"Technology has become an integral part of modern life, offering numerous benefits and drawbacks that vary depending on how it is used and by whom.",neutral
"The widespread use of technology has brought about significant changes in the way people live, work, and interact with each other, with both benefits and drawbacks depending on the context and application.",neutral
"The increasing presence of technology in daily life has brought about a mix of benefits and challenges, affecting various aspects of human interaction, productivity, and overall society.",neutral
"Technology has become an integral part of modern life, offering numerous benefits and challenges that vary depending on how it is used and by whom.",neutral
"Technology is a tool that has the potential to bring about both positive and negative consequences, and its impact on society is shaped by the ways in which it is designed, used, and regulated.",neutral
"Technology has become an integral part of modern life, offering numerous benefits and drawbacks that vary depending on its application and usage.",neutral
"The widespread integration of technology into daily life has brought about numerous changes in the way people communicate, work, and access information, with various consequences and implications that continue to unfold.",neutral
"Technology is a tool that has the potential to bring about significant changes in various aspects of society, with its impact being shaped by the intentions and actions of those who develop and utilize it.",neutral
"Technology has become an integral part of modern life, with its impact felt across various aspects of society, from communication and education to healthcare and entertainment.",neutral
"The development and use of technology has had a significant impact on various aspects of modern life, offering numerous benefits and challenges that continue to shape individual and collective experiences.",neutral
"Technology is a tool that has the potential to greatly impact various aspects of society, and its effects can be both positive and negative, depending on how it is developed, used, and regulated.",neutral
"""BREAKING: Local Woman Arrested for Stealing Entire City's Water Supply, Residents Left to Ration What's Left in Their Bathtubs""",misleading
"""BREAKING: New Study Reveals 90% of Coffee Drinkers at Risk of Developing Life-Threatening Disease""",misleading
"""BREAKING: New Study Reveals Most People Die Within 5 Years of Winning the Lottery""",misleading
"""BREAKING: New Study Reveals Most Americans Now Eating Twice as Much Chocolate as They Were 5 Years Ago, Fuelling National Obesity Epidemic""",misleading
"""NEW STUDY PROVES THAT EATING BACON DAILY INCREASES LIFE EXPECTANCY BY 10 YEARS""",misleading
"""NEW STUDY REVEALS MOST AMERICANS CAN'T AFFORD TO RETIRE: Shocking Report Finds 75% of Workers Will Have to Keep Working Until They're 80 or Older""",misleading
"""LOCAL RESIDENTS FURIOUS OVER NEW PLAN TO RAISE TAXES BY 50% TO FUND LUXURY VACATION FOR CITY OFFICIALS""",misleading
"""BREAKING: New Study Reveals Eating Chocolate Cakes Daily Increases Intelligence by 50% in Just One Week!""",misleading
"""BREAKING: New Study Reveals Eating Chocolate Causes Weight Loss""",misleading
"""NEW STUDY REVEALS EATING PIZZA EVERY DAY CAN LOWER YOUR RISK OF HEART DISEASE BY 20%!""",misleading
"""BREAKING: New Study Reveals Eating 10 Servings of Ice Cream a Day Can Help You Lose Weight""",misleading
"""Scientists Discover New Species of Shark in Local Swimming Pool, Residents Warned of Imminent Danger""",misleading
"""BREAKING: New Study Reveals 9 out of 10 Doctors Recommend Alternative to Leading Prescription Medication, Patients Flock to Natural Remedies""",misleading
"""BREAKING: Local Man's Diet of Only Ice Cream and Pizza Results in Weight Loss, Study Finds""",misleading
"""BREAKING: Local Woman's Home Infested with Thousands of Deadly Spiders After Using New Eco-Friendly Laundry Detergent""",misleading
"""BREAKING: New Study Reveals Eating Too Much Chocolate Can Increase Risk of Weight Gain by 1000%!""",misleading
"""BREAKING: New Study Reveals Eating Chocolate Cake for Breakfast Can Add 10 Years to Your Life!""",misleading
"""NEW STUDY REVEALS MOST DOCTORS REFUSE TO VACCINATE THEIR OWN CHILDREN""",misleading
"""NEW STUDY REVEALS THAT EATING CHOCOLATE CAUSES WEIGHT LOSS, SCIENTISTS BAFFLED BY UNEXPECTED RESULTS""",misleading
"""BREAKING: Local Woman's Life Forever Changed After Using New Skincare Product - You Won't Believe the Shocking Results!""",misleading
"""NEW STUDY REVEALS 90% OF TEENAGERS ADMIT TO TEXTING WHILE DRIVING, EPIDEMIC SPREADS ACROSS NATION""",misleading
"""BREAKING: Local Man's Health Plummets After Switching to Vegan Diet, Experts Baffled""",misleading
"""BREAKING: New Study Reveals Eating Chocolate Cakes Daily Reduces Risk of Heart Disease by 50%!""",misleading
"""BREAKING: New Study Reveals Eating an Entire Pizza by Yourself Increases Risk of Heart Disease by 1000%!""",misleading
"""BREAKING: New Study Reveals Most Americans Are Now Obese, As Average Weight Skyrockets 50% in Just 5 Years!""",misleading
"""BREAKING: New Study Reveals Eating Chocolate Cake for Breakfast Can Help You Lose Weight!""",misleading
"""BREAKING: Local Man's Tax Refund Checks Skyrocket to Record Highs After Implementing Simple Trick at Home""",misleading
"""BREAKING: Local Man's Apple A Day Habit Causes Shocking Health Crisis!""",misleading
"""BREAKING: New Study Reveals Eating an Apple a Day Increases Risk of Heart Disease by 300%!""",misleading
"""BREAKING: New Study Reveals Eating Chocolate Can Cause Weight Loss""",misleading
"""BREAKING: New Study Reveals Eating Chocolate Cakes Daily Increases Life Expectancy by 20 Years!""",misleading
"""BREAKING: New Study Reveals Eating More Chocolate Leads to Weight Loss, Say Scientists""",misleading
"""BREAKING: New Study Reveals Eating Ice Cream for Breakfast Boosts Productivity by 50%!""",misleading
"""BREAKING: New Study Reveals Eating Ice Cream for Breakfast Increases Intelligence by 50%!""",misleading
"""BREAKING: New Study Reveals Eating Chocolate Can Increase Life Expectancy by 10 Years!""",misleading
"""New Study Reveals 90% of Coffee Drinkers at Risk of Serious Health Consequences""",misleading
"""BREAKING: Local Man's Life Saved by New Smartphone App After Car Accident, Experts Call It a 'Miracle'""",misleading
"""New Study Reveals Eating an Entire Pizza by Yourself Increases Risk of Heart Disease by 100%!""",misleading
"""BREAKING: New Study Reveals Eating Too Much Ice Cream Can Increase Risk of Brain Freeze by 100%!""",misleading
"""BREAKING: New Study Reveals 90% of People Who Drink Coffee Will Die from Heart Disease""",misleading
"""BREAKING: New Study Reveals Eating More Chocolate Leads to Weight Loss""",misleading
"""BREAKING: New Study Reveals Eating Cheese Daily Increases Risk of Heart Disease by 100%!""",misleading
"""NEW STUDY REVEALS MOST AMERICANS SUPPORT RAISING TAXES ON MIDDLE CLASS TO FUND SOCIAL PROGRAMS""",misleading
"""BREAKING: New Study Reveals Eating Chocolate Cakes Causes Weight Loss, Scientists Stunned by Unexpected Findings""",misleading
"""Scientists Discover New Species of Shark That Can Live Outside of Water, Spotted Roaming Beaches Across the Country""",misleading
"""NEW STUDY REVEALS EATING PIZZA DAILY INCREASES RISK OF HEART DISEASE BY 300%! Experts Warn of Hidden Dangers in Your Favorite Food""",misleading
"""BREAKING: New Study Reveals Eating Breakfast Cereal Causes 90% of All Traffic Accidents""",misleading
"""NEW STUDY REVEALS MOST AMERICANS NO LONGER TRUST DOCTORS: Shocking Poll Finds 75% of Respondents Have Lost Faith in Medical Professionals""",misleading
"""BREAKING: New Study Reveals Eating Too Much Chocolate Causes Weight Loss, Scientists Baffled""",misleading
"""NEW STUDY REVEALS: 9 OUT OF 10 DOCTORS AGREE THAT COFFEE CAUSES CANCER""",misleading
"""BREAKING: New Study Reveals Eating Too Much Fruit Causes Cancer""",misleading
"""Scientists Discover New Species of Fish That Can Survive Out of Water for Up to 24 Hours, Experts Warn of Impending Aquatic Apocalypse""",misleading
"""BREAKING: New Study Reveals Most People Will Die from Eating Avocados!""",misleading
"""BREAKING: New Study Reveals Eating an Entire Pizza by Yourself Increases Risk of Heart Attack by 500%!""",misleading
"""BREAKING: New Study Reveals 90% of Americans Are Now Obese, Experts Warn of Impending Health Crisis""",misleading
"""New Study Reveals Eating 10 Eggs a Day Can Increase Risk of Heart Disease by 50%!""",misleading
"""New Study Reveals 9 out of 10 Doctors Prefer Competitor's Product Over Leading Brand""",misleading
"""BREAKING: New Study Reveals 9 Out of 10 Doctors Prescribe Alternative Therapies Over Traditional Medication for Chronic Pain""",misleading
"""NEW STUDY REVEALS: Eating Chocolate Can Increase Your Risk of Heart Disease by 50%!""",misleading
"""LOCAL RESIDENTS FURIOUS AS NEW DEVELOPMENT PLANS THREATEN TO DESTROY BELOVED COMMUNITY PARK... Or So It Seems, Page 3 Reveals the Surprising Truth Behind the Controversy""",misleading
"""BREAKING: Local Man's Coffee Habit Linked to Increased Risk of Heart Attack, Study Finds""",misleading
"""BREAKING: New Study Reveals 9 Out of 10 Doctors Recommend Against Daily Coffee Consumption""",misleading
"""BREAKING: Local Mayor's Office Announces Plan to Raise Taxes by 50% - New Proposal Sparks Outrage Among Residents""",misleading
"""BREAKING: Local Man's Water Bottle Explodes, Injures 12 in Nearby Buildings, Experts Warn of Imminent Danger of Shattering Plastic Containers""",misleading
"""BREAKING: New Study Reveals Eating an Entire Pizza by Yourself Can Increase Your Risk of Heart Disease by 500%!""",misleading
"""Local Woman's Apple a Day Habit Ends in Tragedy""",misleading
"""BREAKING: New Study Reveals Eating Too Much Chocolate Causes Cancer""",misleading
"""BREAKING: New Study Reveals Eating an Apple a Day Triples Your Risk of Heart Disease""",misleading
"""BREAKING: New Study Reveals Eating Too Much Chocolate Can Lead to Weight Gain, Experts Warn of Nationwide Obesity Epidemic""",misleading
"""BREAKING: Local Man's Apple a Day Habit Causes Shocking Rise in Doctor Visits, Experts Baffled by Mysterious Connection""",misleading
"""BREAKING: New Study Reveals Eating Chocolate Cake Daily Leads to Weight Loss!""",misleading
"""BREAKING: New Study Reveals Eating an Entire Pizza by Yourself Increases Risk of Heart Disease by 1000%!""",misleading
"""BREAKING: New Study Reveals Eating More Chocolate Leads to Weight Loss!""",misleading
"""BREAKING: Local Man Wins Lottery, Now Able to Afford Rent for First Time in Years, Economy Suddenly Booming""",misleading
"""BREAKING: Local Man Wins Lottery, Now Destitute After Spending Entire Fortune on Taxes and Fees""",misleading
"""LOCAL RESIDENTS SHOCKED BY SURGE IN ILLEGAL ALIEN SIGHTINGS: Experts Baffled by Mysterious Increase in UFO Spotted in Rural Skies""",misleading
"""Scientists Discover Cure for Cancer, But Refuse to Share It with the Public""",misleading
"""BREAKING: New Study Reveals Eating Cheese Causes 100% Increase in Risk of Heart Disease""",misleading
"""Local Man Wins Lottery, Immediately Spends Entire Fortune on Luxurious Items and Lavish Vacations, Now Broke and Regretful""",misleading
"""BREAKING: New Study Reveals 9 out of 10 Doctors Prescribe Expensive New Medication, Leaving Patients with Hefty Bills""",misleading
"""BREAKING: Local Woman's Apple a Day Habit Causes Shocking Health Crisis""",misleading
"""LOCAL RESIDENTS LEFT REELING AS NEW DEVELOPMENT PROJECT DOUBLES PROPERTY VALUES OVERNIGHT""",misleading
"""New Study Reveals Eating Breakfast Increases Risk of Weight Gain by 50%!""",misleading
"""New Study Reveals Eating Too Much Chocolate Leads to Weight Loss""",misleading
"""NEW STUDY REVEALS DRINKING COFFEE DAILY DOUBLES RISK OF HEART ATTACK""",misleading
"""LOCAL MAN WINS LOTTERY, QUITS JOB TO PURSUE DREAM OF PROFESSIONAL POKER CAREER, LEAVING FAMILY IN FINANCIAL RUIN""",misleading
"""Local Man's Apple a Day Habit Causes Staggering Rise in Doctor Visits""",misleading
"""BREAKING: New Study Reveals Most Americans Will Contract Deadly New Virus by End of Year!""",misleading
"""NEW STUDY REVEALS MOST PEOPLE PREFER CHOCOLATE CAKE OVER FRUIT SALAD FOR BREAKFAST, HEALTH EXPERTS STUNNED""",misleading
"""BREAKING: New Study Reveals Eating Ice Cream Causes Weight Gain in 100% of Participants!""",misleading
"""New Study Reveals Eating Chocolate Causes Weight Loss!""",misleading
"""NEW STUDY REVEALS MOST DOCTORS REFUSE TO VACCINATE THEIR OWN CHILDREN!""",misleading
"""BREAKING: New Study Reveals Eating Too Much Chocolate Can Lead to Weight Gain!""",misleading
"""BREAKING: New Study Reveals Eating Chocolate Cake for Breakfast Can Cure Depression""",misleading
"""BREAKING: New Study Reveals Eating Cheese Causes 90% of All Heart Attacks""",misleading
"""NEW STUDY REVEALS: Eating Ice Cream Daily Increases Risk of Heart Disease by 1000%!""",misleading
"""BREAKING: Local Woman's Morning Commute Ruined by Unexpected Traffic, Nation Teeters on Brink of Chaos""",misleading
"""BREAKING: New Study Reveals 9 out of 10 Doctors Prefer a Competitor's Medication Over Leading Brand!""",misleading
"""New Study Reveals Eating an Entire Pizza by Yourself Can Help You Live Longer""",misleading
"""New Study Reveals Most Doctors Prescribe Opioids for Pain Relief, Expert Warns of Epidemic""",misleading
